citypin,Aggregate User Score
504273,0.5373447595268259
123456,0.3750374601631884
508256,0.35343137803247665
509128,0.27853018556588827
506356,0.2506014693317207
382855,0.4205706029375719
502318,0.2081124723145969
0,0.27407366556237117
360510,0.30483827885467185
7,0.1833233815992437
394245,0.22863304703274234
110090,0.40396426677163344
380050,0.7155713415393987
